Word(s),Spoken Form (If Different)
under-documented,under documented
admin
Cisco
Citrix
VPN
DNS
Minecraft
npm
ubuntu
linux
json
stringify
hover
doc
min
spline
xray
arduino
todo  
ref
div
ls
theta
oshcut
oshlib
app
arcify
arcified
collinear, colinear
queue
queued
queuing
yeah
toggle
enthalpy
denest
denesting
mysql,my sequel
dotnet
api
async
molar
console
flowrate
scfm
boolean
poly
polys
contour
contours
profinet
bend
async
serial
ssh
dfm
endpoint
endpoints
add
adds
setup
qty,quilty
bbox,bravo box
gbpc,gob pack
engrave
gjk
avalara
avatax
taxjar
refund
vite,veet
npx
discretize
erp
PR
brake, brocket
yalc, yelk